"bar_index","sequence_index","chant","piano_right_hand","piano_left_hand"
"1","0","e''8.( c''16) c''8.( a'16) a'8[ b'8] c''8 d''8","<c'' e''>4 <a' c''>4 <fis' a'>2","<c, c>2 <d, d>2"
"2","0","c''4. d''16[ e''16] d''4 b'8.\noBeam b'16","r4 <fis' e''>4( <g' d''>8) <g' b'>8[ <g' b'>8 <g' b'>8 ]","r4 <c c'>4( <b, b>8) r8 g4"
"3","0","e'4.( fis'16) [ g'16 ] fis'4 a'8. [ d''16 ]","r4 <e' g'>4 <d' fis'>8 [ <fis' a'>8] <fis' a'>8 <a' d''>8","cis2 d4 d,4"
"4","0","\partial 2. <d' d''>4 r4 r4","\partial 2. r4 <fis'' a'>4 <d'' fis'>4","\partial 2. <d, d>2."
"5","0","fis'4. fis'8 \grace { fis'8 } e'8[ d'8] e'8 fis'8","<d' fis'>4 <d' fis'>4 <a e'>4 <a e'>4","<d fis>4 <d fis>4 <a, e>4 <a, e>4"
"6","0","a'4.( b'16) c''16 b'4 b'8.\noBeam g'16","a'8( d'8) <a' c''>8( d'8) <g' b'>8( d'8) <g' b'>8( d'8)","fis4 d4 g4 g,4"
"7","0","\partial 2. g'4 r4 r4","\partial 2. g'4 <d' b'>4 <b g'>4","\partial 2. <g b>4 r4 r4"
"8","0","a'4 d''8. c''16 b'4 d''16[ b'16] c''16 d''16","{<<{\voiceOne a'2( b'4) <g' d''>4} \new Voice {\voiceTwo r4 d'2.}>>}","<fis, fis>2( <g, g>4) b,4"
"9","0","a'8[ d''8] cis''8[ b'8 ] a'8[ b'8] cis''8[ d''8 ]","a'8 [ d''8 cis''8 b'8 ] a'4 r8 <fis' d''>8","{<<{\voiceOne a8[ b8 a8 g8 ] fis4 r8 d8} \new Voice {\voiceTwo d2. r4}>>}"
"10","0","c''4. a'8 b'4 d''8.\noBeam b'16","<a' c''>8[ d'8] <fis' a'>8[ d'8 ] <g' b'>8[ d'8] <b' d''>8[ <g' b'>8 ]","<d, d>2 g4 g,4"
"11","0","a'4.\fermata b'8 a'4 d''8.\noBeam d''16","<fis' a'>2.\fermata r4","<d d,>2.\fermata r4"
"12","0","a'4. b'16 c''16 b'4 g''8. d''16","<a' c''>2( <g' b'>8) <b' d''>8[ <b' d''>8 <b' d''>8]","r8 a8[ fis8 d8] g4 g,4"
"13","0","a'4 a'16( [ b'16 c''16 a'16 ] ) g'4 d''8.\noBeam d''16","\times 2/3 { c'8 [ d'8 a'8 ] } \times 2/3 { c'8 [ d'8 a'8 ] } \times 2/3 { b8 [ d'8 g'8 ] } \times 2/3 { g'8 [ b'8 d''8 ] }","<fis, fis>2 <g, g>4 <b, b>4"
"14","0","\partial 2. g'4 r4 r4","\partial 2. g'8.[ b'16 d''8. g''16] g'4","\partial 2. <g b>2."
"15","0","a'4. b'16 [ c''16 ] b'4 d''8.\noBeam [ d''16 ]","{<<{\voiceOne a'2 b'4 r4} \new Voice {\voiceTwo r4 d'2.}>>}","fis4 d4 g4 g,4"
"16","0","d''4 \times 2/3 { b'8 [ g'8 e'8 ] } d'4 \grace { fis'16 } e'8.\noBeam [ d'16 ]","<fis' d''>4 <g' b'>8. [ <e' g'>16 ] <d' fis'>4 <cis' e'>4","b4 g4 a4 a,4"
"17","0","c''4.( e''16) d''16 c''4 a'8.\noBeam d''16","<e' c''>2 <a' c''>4 <d' a'>4 \break","r8. c16 [ c'8. a16 ] fis2 \break"
"18","0","g'8 [ fis'8] g'8[ a'8 ] b'8[ g'8] b'8[ c''8 ]","<b g'>4. <d' a'>8 <g' b'>4. <a' c''>8","g4. fis8 e4. c8"
"19","0","\partial 4 d''8.( d''16)","\partial 4 r4","\partial 4 r4"
"19","1","f''4. d''8 \grace{c''8} b'4 a'8 gis'8","r4 <f' f''>4\f r4 <gis' b'>4\p","<d, d>2 <e, e>2"
"20","0","e''8[ g''8] fis''8[ e''8] d''8[ c''8] b'8[ a'8]","<g' e''>8\f [ <e'' g''>8 <d'' fis''>8 <c'' e''>8] <b' d''>8[ <a' c''>8 <g' b'>8 <fis' a'>8]","c4. c'8 d'4 d4"
"21","0","e''4( e''16) d''16 c''16 b'16 a'4 a'8.\noBeam d''16","<e' c'' e''>2 r8 d'16[ fis'16 a'8 d''8]","r8 c'16 [ b16 c'8 a8 ] fis2"
"22","0","\partial 2. \grace{a'4} g'2 r4","\partial 2. \grace{<c' a'>4} <b g'>2 r4","\partial 2. r8. g16[ d8. b,16] g,4"
"23","0","g'4 b'8.( a'16) g'4 g'4","\times 2/3 { b8 d'8 g'8} \times 2/3 { b8 d'8 g'8} \times 2/3 { b8 d'8 g'8} \times 2/3 { b8 d'8 g'8}","<g, g>1"
"24","0","cis''8 [ d''8] e''8[ d''8 ] g''8 [ d''8] b'8[ g'8 ]","r4 <g' b' d''>4 r4 <d' g' b'>4","g4 r4 g,4 r4"
"25","0","\partial 4 d''8. d''16","\partial 4 <d' fis' a' d''>4\f","\partial 4 <d, d>4"
"25","1","c''4( a'8)\noBeam e''8 e''4( d''8) c''8","\times 2/3 {r8 a'8[ c''8]} \times 2/3 {e''8 c''8 a'8} \times 2/3 {r8 fis'8 a'8} \times 2/3 {d''8 a'8 fis'8}","<c c'>2 <d d'>2"
"26","0","d''4. cis''8 c''8[ a'8] b'8 g'8]","{<<{\voiceOne d''4 cis''4 c''4 b'4} \new Voice {\voiceTwo <e' g'>2 d'2}>>}","<e, e>2 <fis, fis>4 <g, g>4"
"27","0","b'4. e''8 \grace { d''8 } cis''4 b'8 [ cis''8 ]","{<<{\voiceOne r4 e''2 cis''4} \new Voice {\voiceTwo <g' b'>2 <e' g'>2}>>}","<g, g>2 <a, a>2"
"28","0","a'4 d'4 b'8.( g'16) c''8.( a'16)","r4 <d' fis' a' d''>4 <g' b'>4 <a' c''>4","<d, d>2 r2"
"29","0","d''16 [ e''16 d''16 c''16 ] b'8 [ b'8 ] b'16 [ c''16 b'16 a'16 ] g'8 [ b'8 ]","<b' d''>4 r4 <d' b'>4 r4","g4 r4 g,4 r4"
"30","0","\partial 4 d''8.\noBeam ( d''16)","\partial 4 <fis' d''>4","\partial 4 <d' d>4"
"30","1","e''4. e''8 c''4 b'4","{<<{\voiceOne e''2 c''4 b'4} \new Voice {\voiceTwo g'8 gis'8 a'2 d'4}>>}","<d d'>4 <c c'>8 a8 fis8 d8 g8 g,8"
"31","0","\grace{fis''8} e''4 d''8 c''8 b'8[ a'8] g'8[ fis'8]","r8 <c'' e''>8 <d'' b'>8 <c'' a'>8 <b' d'>8 <a' c'>8 <g' b>8 <fis' a>8","<c, c>2 d4 d,4"
"32","0","\grace{c''8} b'4 a'8[ g'8] e''4. c''8","r4 <g' b'>4 r4 <g' e''>4","<g, g>4 r4 c4 r4"
"33","0","d''16([ e''16 d''16 c''16) b'8] b'8 b'16([ c''16 b'16 a'16) g'8] b'8","<b' d''>4 r4 <d' b'>4 r4","g4 r4 g,4 r4"
"34","0","b'4. \grace { d''32 [ c''32 b'32 ] } c''8 a'4 d'8. [ d''16 ]","r4 <g' b'>4( <fis' a'>4) r4","<d, d>2. r4"
"35","0","e''4. c''8 c''4 e''8.\noBeam e''16","\times 2/3 {g'8 c''8 e''8} \times 2/3 {g'8 c''8 e''8} \times 2/3 {g'8 c''8 e''8} \times 2/3 {g'8 c''8 e''8}","r4 <c c'>4 <c c'>4 r4"
"36","0","a'4. c''16( b'16) a'4 e''8.\noBeam e''16","<fis' a'>8 d'8 <fis' a'>8 d'8 <fis' a'>4 r4","<d, d>2. r4"
"37","0","\grace{b'8} a'4 a'4 d''8[ g''8] b'8[ d''8]","r4 <d' fis' a'>4 <b' d''>4 <g' b'>4","r4 <d, d>4 r2"
"38","0","a'4.( fis'8) d'4 d''8. [ d''16 ]","\times 2/3  { r8 d'8 [ fis'8 ] } \times 2/3  { a'8 [ fis'8 d'8 ] } \times 2/3  { r8 fis'8 [ a'8 ] } \times 2/3  { d''8 [ a'8 fis'8 ] }","d2 d,2"
"39","0","cis''8[ d''8] e''8[ d''8 ] cis''8 [ d''8] e''8[ c''8 ]","<ais' cis''>8 [ <b' d''>8 <c'' e''>8 <b' d''>8 ] <ais' cis''>8 [ <b' d''>8 <c'' e''>8 <ais' c''>8 ]","<g, g>2 <g, g>4. c8"
"40","0","\partial 4 d''8.\noBeam ( d''16)","\partial 4 r4","\partial 4 r4"
"40","1","dis''4 e''4 cis''4 d''4","<fis' a' b' dis''>4 <g' b' e''>4 <e' g' a' cis''>4 <fis' a' d''>4","<b, b>4 e4 <a, a>4 d4"
"41","0","d''4 d'4 cis''16 d''16 e''16 d''16 c''16[ b'16 c''16] a'16","<d' fis' a' d''>4 r4 r2","<d, d>4 r4 r2"
"42","0","fis'4( fis'16) [ a'16 g'16 b'16 ] a'4 d''8.\noBeam d''16","r4 <fis' a'>4 <fis' a'>4 r4","r4 <d, d>4 <d, d>4 r4"
"43","0","\partial 4 d''8.\noBeam ( d''16)","\partial 4 r4","\partial 4 r4"
"43","1","d''8[ b'8] g''8[ fis''8] e''8[ d''8] c''8[ b'8]","{<<{\voiceOne d''4 g''8[ fis''8] e''8 d''8 c''8 b'8} \new Voice {\voiceTwo b'4 r8 d''8 c''8 b'8 a'8 g'8}>>}","<g, g>1"
"44","0","\partial 4 d''8.\noBeam ( d''16)","\partial 4 r4","\partial 4 r4"
"44","1","d''16[ e''16 d''16 c''16 b'8] b'8 b'16[ c''16 b'16a'16 g'8] b'8","<b' d''>4 r4 <d' b'>4 r4","g4 r4 g,4 r4"
"45","0","\partial 2. a'2 g'4","\partial 2. <c' a'>2 <b g'>4","\partial 2. <g, g>2."
"46","0","a'4 d''4 r4 d''8.\noBeam d''16","\times 2/3  { fis'8 [ a'8 d''8 ] } \times 2/3  { fis'8 [ a'8 d''8 ] } \times 2/3  { fis'8 [ a'8 d''8 ] } \times 2/3  { fis'8 [ a'8 d''8 ] }","<d, d>4 r4 <d, d>4 r4"
"47","0","b'4.\fermata \grace { c''16( b'16 a'16 b'16) } c''8 a'4 d''8.\noBeam d''16","<g' b'>2\fermata <fis' a'>4 r4","<d, d>2. r4"
"48","0","a'4.( d''8) d''4 d'8.\noBeam d'16","r4 <d' fis' a' d''>8. [ <d' fis' a' d''>16 ] <d' fis' a' d''>4 <d' fis' a' d''>4","r4 <d, d>8. [ <d, d>16 ] <d, d>4 <d, d>4"
"49","0","\partial 4 d'8.\noBeam d'16","\partial 4 d'4","\partial 4 r4"
"49","1","e'4. e'8 fis'4 g'4","<cis' e'>2 <c' fis'>4 <b g'>4","<d, d>1"
"50","0","a'4 c''8[ a'8] a'8[ g'8] g'8[ fis'8]","r8 <c' a'>8[ <e' c''>8 <c' a'>8] <c' a'>8 <b g'>8 <b g'>8 <a fis'>8","<c, c>2 d4 d,4"
"51","0","b'4. \grace { c''16( b'16 a'16 b'16) } c''8 a'4 a'8.\noBeam a'16","<g' b'>2( <fis' a'>4) <fis' a'>4","r4 d4 d,4 r4"
"52","0","gis'4 a'8 r16 ^\fermata g'16 fis'4 \grace { a'16 } g'8 [ fis'16 e'16 ]","<d'' fis''>4 <cis'' a''>8 r16 ^\fermata <e' g'!>16 <d' fis'>4 <cis' e'>4","<bes, bes>4 <a, a>8 r16 ^\fermata <cis a>16 <d a>4 <a, a>4"
"53","0","c'4 \times 2/3 {e''8 c''8 a'8} g'4 a'4","\times 2/3 {e'8 g'8 c''8} \times 2/3 {c'8 e'8 a'8} \times 2/3 {b8 d'8 g'8} \times 2/3 {a8 c'8 fis'8}","<c, c>2 d4 d,4"
"54","0","d''4\fermata d'4 d''8.[ b'16] c''8.[ a'16]","<d' fis' a' d''>4\fermata r4 <g' b'>4 <d' fis' a'>4","<d, d>4\fermata r4 <g b>4 <d a>4"
"55","0","b'4 \grace { e''16 } d''8 [ c''16 b'16 ] a'4 b'4","\times 2/3  { b8 d'8 g'8 } \times 2/3 { b8 d'8 g'8 } \times 2/3 { c'8 d'8 a'8 } \times 2/3  { b8 d'8 g'8 }","<g, g>2 <fis, fis>4 <g, g>4"
"56","0","cis''4.( d''16 [ e''16 ]) d''4 d''8.\noBeam d''16","<e' cis''>2 <d' d''>8 [ a'8 fis'8 d'8 ]","<a, a>4 <g, g>4 <fis, fis>4 r4"
"57","0","fis'4 d'4 d''8[ g''8] b'8[ d''8]","<a d' fis'>4 r4 <b' d''>4 <g' b'>4","<d, d>4 r4 r2"
"58","0","b'4. \grace { d''16( c''16 b'16 c''16) } c''8 a'4 d''8.\noBeam d''16","<g' b'>2. <fis' a'>4","<d, d>2. r4"
"59","0","\grace { c''8 } b'4 a'8 [ g'8 ] fis'8 [ g'8] a'8[ b'8 ]","r8 <d' b'>8 [ <c' a'>8 <b g'>8 ] <a fis'>8 [ <b g'>8 <c' a'>8 <b b'>8 ]","g,4 a,8 [ b,8 ] c8 [ b,8 a,8 g,8 ]"
"60","0","b'4 d''2 \grace{c''16} b'8[ a'16 g'16]","\times 2/3 {b8 d'8 g'8} \times 2/3 {b8 d'8 g'8} \times 2/3 {b8 d'8 g'8} \times 2/3 {b8 d'8 g'8}","<g, g>4 d4 b,4 g,4"
"61","0","\partial 2. \grace{a'4} g'2.","\partial 2. r4 <b g'>8. <d' b'>16 <b g'>4","\partial 2. <g, g>2."
"62","0","\grace { d''8 } cis''4 b'8 [ a'8 ] g'8 [ fis'8] e'8[ d'8 ]","<e' cis''>1","<a, a>2. <g, g>4"
"63","0","a'4( a'16) [ g'16 fis'16 e'16 ] d'4 d''8.\noBeam d''16","<d' a' d''>2. r4","r8 fis8 [ a8 fis8 ] d8 [ fis8 a8 d'8 ]"
"64","0","b'4 d''4( d''8)[ e''16 d''16 c''8] b'8","r8 <g'b' d''>8 <g'b' d''>8 <g'b' d''>8 r8 <g'b' d''>8 <g'b' d''>8 <g'b' d''>8","<g, g>4 r4 <b, b>4 r4"
"65","0","d''4 \times 2/3{e''8 c''8 a'8} g'4 a'4","\times 2/3 {g'8 b'8 d''8} \times 2/3 {e'8 a'8 c''8} \times 2/3 {b8 d'8 g'8} \times 2/3 {a8 c'8 fis'8}","b,4 c4 d4 d,4"
"66","0","d''2 b4 g''4","<g' d''>1\fermata","<b, b>1\fermata"
"67","0","g'4. d''8 e''8[ d''8] c''8[ b'8]","<g' b'>8 <a' c''>8 <b' d''>8 <b' d''>8 <c'' e''>8 <b' d''>8 <a' c''>8 <g' b'>8","<g, g>1"
"68","0","a'4 d''4 r4 d''8.\noBeam d''16","\times 2/3 { d'8 fis'8 a'8 } \times 2/3  { d''8 a'8 fis'8 } \times 2/3  { d'8 fis'8 a'8 } \times 2/3  { fis'8 a'8 d''8 }","<fis, fis>1"
"69","0","\partial 2. a'2( g'4)","\partial 2. <c' a'>2 <b g'>4","\partial 2. <g, g>2."
"70","0","c''4 b'8 r16 b'16 \grace{b'16} a'8[ g'8] a'8[ b'8]","<d' a' c''>4 <d' g' b'>8 r8 <c' fis' a'>4 <c' fis' a'>4","<fis, fis>4 <g, g>8 r8 <d, d>4 <d, d>4"
"71","0","\partial 4 b'8.\noBeam( c''16)","\partial 4 <g' b'>8. <a' c''>16","\partial 4 r4"
"71","1","d''4. e''8 a'4 b'4","{<<{\voiceOne <b' d''>4. <c'' e''>8 <fis' a'>4 <g' b'>4} \new Voice {\voiceTwo r4 r4 d'2}>>}","<g, g>2 c'4 b8 g8"
"72","0","g'4. a'8 b'4. c''8","<b g'>4. <c' a'>8 <g' b'>4. <a' c''>8","r4 <g, g>4 r8 g8 e8 c8"
"73","0","d''4 e'8\noBeam b'8( b'4) a'8\noBeam cis'8","<e' g' b' d''>2 r4 <e' g' a' cis''>4","<g, g>4 e4 a4 a,4"
"74","0","a'4 d''4 r4 e''8.\noBeam e''16","r4 <d' fis' a' d''>8. <d' fis' a' d''>16 <d' fis' a' d''>4 r4","r4 <d, d>8. <d, d>16 <d, d>4 r4"
"75","0","d''4 r4 e''8[ g''8] d''8[ g''8]","<g' d''>16 g''16 fis''16 g''16 d''4 <g' e''>4 <g' d''>4","<b, b>4 r4 <c c'>4 <b, b>4"
"76","0","a'4 c''8.\fermata b'16 a'4 d'8.\noBeam d'16","<d' fis' a'>2.\fermata r4","<d, d>2.\fermata r4"
"77","0","g''4. g'8 b'4 a'8. b'16","<g' bes' cis'' g''>2 <d' g' b' d''>4 <d' g' b' d''>4","<es, es>2 <d, d>2"
"78","0","d''8[( b'8)] b'8[( g'8)] fis'8[( a'8)] g'8[( e'8)]","<b' d''>8 r8 <g' b'>8 [ <e' g'>8 ] <d' fis'>8 r8 <cis' e'>8 r8","g8 r8 g4( a8) r8 a,8 r8"
"79","0","a'4\fermata a'16( b'16 c''16 b'16) a'4 d''8. d''16","<fis' a'>2.\fermata r4","<d, d>2.\fermata r4"
"80","0","g''8[ fis''8] e''8[ d''8] c''8[ b'8] a'8[ g'8]","<g' b' d'' g''>4 r4 r4 <g' b' d'' g''>4","<b, b>4 r4 <g, b, d g>4 r4"
"81","0","\partial 4 d''8.\noBeam b'16","\partial 4 r4","\partial 4 r4"
"81","1","g'4 b'8.( a'16) g'4 g'4","\times 2/3 {b8 d'8 g'8} \times 2/3 {b8 d'8 g'8} \times 2/3 {b8 d'8 g'8} \times 2/3 {b8 d'8 g'8}","<g, g>1"
"82","0","\partial 4 d''8.\noBeam( b'16)","\partial 4 r4","\partial 4 r4"
"82","1","g'4. a'8 b'8[ c''8] d''8[ e''8]","{<<{\voiceOne <b g'>4. <d' a'>8 b'8 c''8 d''8 e''8} \new Voice {\voiceTwo r4 r4 g'2}>>}","<g, g>4. fis8 g8[ a8 b8 c'8]"
"83","0","dis''16 e''16 fis''16 e''16 d''16 c''16 b'16 a'16 g'4 fis'4","r4 <a' c''>4 r8 <g' b'>8 r8 <fis' a'>8","<c c'>2 d'8 r8 d8 r8"
"84","0","d''8 g''8 \times 2/3 {g''8 e''8 c''8} b'4 a'4","{<<{\voiceOne d''4 e''8.[ c''16] b'8[ g''8] a'8[ fis''8]} \new Voice {\voiceTwo g'4 g'8. a'16 g'4 fis'4}>>}","<b, b>4 <c c'>4 d'4 d4"
"85","0","a'4 c''8. [ b'16 ] a'4 d'8.\noBeam d''16","<fis' a'>2.\fermata r4","<d, d>2.\fermata r4"
"86","0","a'8.( fis'16 d'4) d'8[ fis'8] a'8[ d''8 ]","r8 <d' fis' a'>8 r8 <d' fis' a'>8 r8 <d' a'>8 r8 <d' a'>8","<d, d>8 r8 <d, d>8 r8 fis8 r8 fis8 r8"
"87","0","e''4. a'8 b'8[ c''16( b'16) a'8] g'8","{<<{\voiceOne r8 e''16[ c''16 a'8 a'8] b'4. b'8} \new Voice {\voiceTwo r8 e'4 fis'8 g'4. g'8}>>}","<c c'>4. d8 g4. g,8"
"88","0","b'8.( g'16) c''8.( a'16) d''8[ e''16( d''16) c''8] b'8","<b' d''>8 r8 <a' c''>8 r8 <a' d''>4 <a' c''>8 <g' b'>8","<g, g>8 r8 r4 r8 g8( fis8 g8)"
"89","0","d''4. c''8 b'4 g'8.\noBeam g'16","\times 2/3  { fis'8 a'8 d''8 } \times 2/3  { d'8 a'8 c''8 } \times 2/3  { d'8 [ g'8 b'8 ] } \times 2/3  { b8 [ d'8 g'8 ] }","<fis, fis>2 g4 g,4"
"90","0","\partial 2. <d' d''>4 r4 r4","\partial 2. d'8 fis'16 a'16 d''16 fis''16 a''16 fis''16 d''4","\partial 2. <d fis>2."
"91","0","b'8[ d''8] c''8[ b'8] \grace{a'8} g'4 fis'8 g'8","<d' g' b' d''>4 r4 <d' g' b' d''>4 r4","<b, b>4 r4 <b, b>4 r4"
"92","0","\partial 2. {<<{\voiceOne \grace{e''4} d''2 r4} \new Voice {\voiceTwo d'4 r4 r4}>>}","\partial 2. r4 <d' fis' a' d''>8. <d' fis' a' d''>16 <d' fis' a' d''>4","\partial 2. r4 <d, d>8. <d, d>16 <d, d>4"
"93","0","e''8([ d''8]) d''8([ c''8]) c''8([ b'8]) b'8[( a'8)]","<c'' e''>8([ <b' d''>8]) <b' d''>8([ <a' c''>]) <a' c''>[( <g' b'>)] <g' b'>[( <fis' a'>)]","<c, c>2 <d, d>2"
"94","0","\partial 2. {<<{\voiceOne \grace{e''4} d''2 r4} \new Voice {\voiceTwo d'4 r4 r4}>>}","\partial 2. r4 d''16 [ fis''16 a''16 fis''16 ] d''4","\partial 2. <d, d>2."
"95","0","\grace{c''8} b'4 a'8 g'8 \grace{c''8} b'4 a'8 g'8","<d' b'>4 r4 <d' b'>4 r4","<g, g>4 r4 <g, g>4 r4"
"96","0","e''8[ c''8] b'8[ a'8 ] d''8 [ b'8] a'8[ g'8 ]","<g' e''>4 r4 <g' d''>4 r4","<c c'>4 r4 <b, b>4 r4"
"97","0","d''4\fermata d'4 d''8.( e''16) c''8.( a'16)","<d' fis' a' d''>4\fermata r4 <b' d''>4 <a' c''>4","<d, d>4\fermata r4 r4 <d, d>4"
"98","0","a'8 d''8 d'4 r4 d''8.\noBeam d''16","r4 d''16 [ fis''16 a''16 fis''16 ] d''4 r4","<d fis a>2. r4"
"99","0","b'4. gis'8 a'4 a'8.\noBeam d''16","<b e' gis' b'>2 <c' a'>4 <d' a' d''>4","<e, e>2 <a, a>4 <fis, fis>4"
"100","0","c'4 e''8 r16\fermata e''16 d''8.[ c''16] b'8.[ a'16]","r4 <e' a' c'' e''>8 r8\fermata <g' b' d''>8 r8 <g' b' d'' fis''>8 r8","<c c'>4 r4\fermata d'8 r8 d8 r8"
"101","0","c''8[ b'8] e''8[ d''8] c''8[ b'8] a'8[ g'8]","r8 <g' b'>8 r8 <b' d''>8 r8 <g' b'>8 r8 <g' b'>8","<g, g>8 r8 <g, g>8 r8 <g, g>8 r8 <g, g>8 r8"
"102","0","a'4.\fermata c''16 [ b'16 ] a'4 d'8.\noBeam d''16","<d' fis' a'>2.\fermata r4","<d, d>2.\fermata r4"
"103","0","e''8.[ g''16] a'8.[ c''16] b'8.[ d''16] fis'8.[ a'16]","<g' e''>4 <a' c''>4 <g' b'>4 <fis' a'>4","<c c'>2 d'4 d4"
"104","0","\partial 4 d'8.\noBeam d'16","\partial 4 r4","\partial 4 r4"
"104","1","g'4. b'8 g'4. b'8","\times 2/3 {b8 d'8 g'8} \times 2/3 {b8 d'8 g'8} \times 2/3 {b8 d'8 g'8} \times 2/3 {b8 d'8 g'8}","<g, g>1"
"105","0","\partial 2. <d' d''>4 r4 r4","\partial 2. d'8 fis'16 a'16 d''8 fis''16 a''16 d'''4","\partial 2. <d fis>4 <d fis>4 <d fis>4"
"106","0","g'4 g''2 g''4","<bes g'>4 <g' bes' cis'' g''>2 <g' bes' cis'' g''>4","<es, es>4 <es, es>2 <es, es>4"
"107","0","b'4. g''8 g''8 [ e''8] d''8[ cis''8 ]","<g' b'>2 <e' cis''>2","<e, e>2 a,2"
"108","0","\grace{c''4} b'2\fermata d''8.( b'16) b'8.( g'16)","\grace{c''4} <g' b'>2\fermata <b' d''>4 <g' b'>4","r4 <g, g>4\fermata r2"
"109","0","b'4\fermata b'16 [ a'16 c''16 b'16 ] a'4 d''8.\noBeam d''16","<g' b'>2\fermata <fis' a'>4 r4","<d, d>2.\fermata r4"
"110","0","a'4.( d''8) d''4 d''8.\noBeam g''16","r4 <d' a' d''>2 <g' d''>4","<fis, fis>2 <d, d>4 <b, b>4"
"111","0","b'4. d''8 g''8 [ d''8] c''8[ b'8 ]","<g' b'>8 [ d'8 <g' b'>8 d'8 ] r8 <b' d''>8 [ r8 <g' b'>8 ]","<g, g>2 g8 r8 g,8 r8"
"112","0","\grace { fis''8 } e''4 d''8 [ c''8 ] b'8 [ a'8] c''8[ e''8 ]","<e' e''>2 <a' c''>2","<c c'>1"
"113","0","b'8 [ d''8] c''8[ a'8 ] g'4 g'4","{<<{\voiceOne <g' b'>4( <fis' a'>4) <g' b'>2} \new Voice {\voiceTwo d'1}>>}","g4( fis4) g8[ d8] b,8[ g,8 ]"
"114","0","d''4 cis''4 c''4 \grace { c''16 } b'8 [ a'16 g'16 ]","<fis' a' d''>4 <g' a' cis''>4 <d' a' c''>4 <d' g' b'>4","<d, d>4 <e, e>4 fis8[ d8] g8[ g,8 ]"
"115","0","d''4 e''8( cis''8) d''4 e''8( c''8)","<b' d''>4 <c'' e''>8. <ais' cis''>16 <b' d''>4 <c'' e''>8. <a' c''>16","<g, g>4. r8 <g, g>4. r8"
"116","0","a'16 [ g'16 fis'16 e'16 ] d'4 r4 d''8.\noBeam d''16","r4 d''16 [ fis''16 a''16 d'''16 ] d''4 r4","<d, d>2. r4"
"117","0","d''8.\fermata [ b'16] d''4 g'8[ b'8] d''8[ g''8]","<g' d''>2\fermata <g' d''>4 <g' d'' g''>4","<b, b>2\fermata b4 b4"
"118","0","g'8( fis'8 a'8 fis'8) d'4 d'8.\noBeam d''16","r4 <d' fis' a'>4 <d' fis' a'>4 <d' fis' a' d''>4","<d, d>2. <fis, fis>4"
"119","0","\partial 2. g'4 r4 r4","\partial 2. g'8 b'16 d''16 g''8 d''16 b'16 g'4","\partial 2. <g b>4 <g b>4 <g b>4"
"120","0","c''4.( b'8) a'4 d''8.\noBeam d''16","<c'' e''>4 <d' fis' a'>8. [ <d' fis' a'>16 ] <d' fis' a'>4 r4","r4 <d, d>8. [ <d, d>16 ] <d, d>4 r4"
"121","0","fis''8([ e''8]) e''8([ d''8]) d''8([ c''8]) c''8([ b'8])","r8 < c'' e''>8 r8 <b' d''>8 r8 <a' c''>8 r8 <g' b'>8","c'8 r8 g8 r8 <fis d'>8 r8 <fis d'>8 r8"
"122","0","\partial 4 g'8.\noBeam b'16","\partial 4 r4","\partial 4 r4"
"122","1","d''4 e''8 cis''8 d''4 e''8 c''8","<b' d''>4 <c'' e''>8. <ais' cis''>16 <b' d''>4 <c'' e''>8. <a' c''>16","<g, g>4. r8 <g, g>4. r8"
"123","0","\grace{c''4} b'2 g''16 fis''16 e''16 d''16 c''16 b'16 a'16 g'16","r4 <g' b'>4 r4 <g' b' d'' g''>4","<g, g>2 <b, b>4 r4"
"124","0","d''4. bes'8 bes'4. g'8","\times 2/3  { bes8 d'8 g'8 } \times 2/3  { bes8 d'8 g'8 } \times 2/3 { bes8 d'8 g'8 } \times 2/3  { bes8 d'8 g'8 }","r4 <g, g>4 r4 <g, g>4"
"125","0","cis''4 d''8 r16\fermata c''16 b'8. d''16 c''8. a'16","<g' cis''>4 <fis' d''>8 r16\fermata <a' c''>16 <g' b'>4 <fis' a'>4","<es, es>4 <d, d>8 r16\fermata fis16 g4 d4"
"126","0","d'4 e''16 d''16 c''16 b'16 a'4 b'4","<b' d''>4.. <g' b'>16 <fis' a'>4 <g' b'>4","<g, g>4. r8 c'8( d'8) b8 g8"
"127","0","a'4. c''16 [ b'16 ] a'4 a'8.\noBeam a'16","r4 <fis' a'>4 <fis' a'>4 <fis' a'>4","<d, d>1"
"128","0","e''8[ d''8] d''8[ c''8] c''8[ a'8] b'8[ g'8]","r8 <b' d''>8[ <b' d''>8 <a' c''>8] <a' c''>8 <fis' a'>8 <g' b'>8 <g' b'>8","<g, g>2 d4 g4"
"129","0","dis''8 [ e''8] g''8[ b'8 ] \grace { dis''8 } cis''4 b'8 [ cis''8 ]","r4 <g' b'>4 r4 <e' cis''>4","<g, g>4 r4 <a, a>4 r4"
"130","0","\partial 4 d''8.\noBeam( d''16)","\partial 4 <b' d''>8. <b' d''>16","\partial 4 r4"
"130","1","d''8[( c''8)] c''8[( b'8)] b'8[( a'8)] a'8[( g'8)]","<b' d''>8[( <a' c''>8)] <a' c''>8[( <g' b'>8)] <g' b'>8[( <fis' a'>8)] <fis' a'>8[( <e' g'>8)]","<g, g>4 r4 <g, g>4 r4"
"131","0","g'4. e''8 d''8[ c''8] b'8[ a'8]","r8 e'16[ g'16 c''8 <c'' e''>8] <b' d''>8 <a' c''>8 <g' b'>8 <fis' a'>8","<c, c>4. c'8 d'4 d4"
"132","0","\partial 2. <d' d''>4 r4 r4","\partial 2. r8 <fis' d''>8[ <a' fis''>8 <g' e''>8] <fis' d''>4","\partial 2. <d, d>2."
"133","0","d''32[( c''32) b'8.] b'32[( a'32) g'8.] d''32[( c''32) b'8.] b'32[( a'32) g'8.]","<b' d''>8 [ d'8 <g' b'>8 d'8 ] <b' d''>8 [ d'8 <g' b'>8 d'8 ]","<g, g>2 <g, g>2"
"134","0","a'4.( b'8) c''4 a'8.\noBeam d''16","r8 a'16 [ gis'16 a'8 <gis' b'>8 ] <a' c''>8 r8 <d' a' d''>4","<a c'>4 r4 r4 fis4"
"135","0","\partial 4 d''8.\noBeam b'16","\partial 4 r4","\partial 4 r4"
"135","1","gis'8[ f''8] e''8[ d''8] c''8[ b'8] a'8[ gis'8]","<gis' b' d'' f''>2 e''2","<e, e>2 gis2"
"136","0","cis''4 d''4 c''4 b'4","r8 <e' g' a' cis''>8 [ r8 <fis' a' d''>8 ] r8 <d' a' c''>8 [ r8 <d' g' b'>8 ]","<e, e>4 <d, d>4 <fis, fis>4 <g, g>4"
"137","0","\grace { b'8 } a'4 a'4 r4 d''8.\noBeam d''16","r8 d'16 [ fis'16 a'8 fis'16 a'16 ] d''4 r4","<d, d>4 <d, d>4 <d, d>4 r4"
"138","0","d''4.( e''8) fis''4 e''4","<fis' gis' d''>2 <a' d'' fis''!>4 <gis' a' cis'' e''>4","<bes, bes>2 <a, a>4 <a, a>4"
"139","0","d''8([ c''8]) c''8[( b'8]) b'8[( a'8]) a'8[( g'8])","r8 <g' c''>4 <fis' gis' b'>4 <e'! a'>4 <e' gis'>8","<e e'>4 <d d'>4 <c c'>4 <cis cis'>4"
"140","0","\partial 4 g'8.\noBeam( b'16)","\partial 4 r4","\partial 4 r4"
"140","1","d''4 \grace{c''16} b'8[ a'16 g'16] fis'4 g'4","<b' d''>4 r8. <b g'>16 <a fis'>4 <b g'>4","<g, g>4 r4 c8([ d8]) b,8 g,8"
"141","0","\grace { e''8 } d''4 c''8 [ b'8 ] \grace { c''8 } b'4 a'8 [ g'8 ]","r8 <b' d''>8 [ <a' c''>8 <g' b'>8 ] r8 <d' b'>8 [ <c' a'>8 <b g'>8 ]","g4 r4 g,4 r4"
"142","0","\grace { d''8 } c''4 b'4 r4 d''8.\noBeam d''16","<d' a' c''>4 <d' g' b'>8 [ r16 <g' b' d'' g''>16 ] <g' b' d'' g''>4 r4","<fis, fis>4 <g, g>8 [ r16 <g, g>16 ] <g, g>4 r4"
"143","0","\partial 2. <d' d''>4 r4 r4","\partial 2. d''16 fis''16 a''16 g''16 fis''16 g''16 e''16 fis''16 d''4","\partial 2. {<<{\voiceOne fis4 a8 g8 fis4} \new Voice {\voiceTwo d2.}>>}"
"144","0","g''8.[ fis''16] e''8.[ d''16] c''8.[ b'16] a'8.[ g'16]","<g' b' d'' g''>4 r4 r4 <g' b' d'' g''>4","<b, b>4 r4 r4 <b, b>4"
"145","0","g'4. b'8 a'4. b'8","\times 2/3 {b8 d'8 g'8} \times 2/3 {b8 d'8 g'8} \times 2/3 {b8 d'8 g'8} \times 2/3 {b8 d'8 g'8}","<g, g>4 r4 <g, g>4 r4"
"146","0","dis''4 e''8 r16\fermata e''16 d''8.[ c''16] b'8.[ a'16]","r4 <g' e''>8 r8\fermata d''8[ r16 c''16] b'8[ r16 a'16]","<c c'>4. r8\fermata d'8 r8 d8 r8"
"147","0","a'4( a'16) b'16 c''16 a'16 g'4 g'8. g'16","<a d' fis' a'>2 <b g'>8 <b' g''>4 <g' b'>8","r4 <d, d>4( <e, e>8) r8 <b, b>4"
"148","0","\partial 2. g'4 r4 r4","\partial 2. g'16 b'16 d''16 c''16 b'16 c''16 a'16 b'16 g'4","\partial 2. {<<{\voiceOne b4 d'8 c'8 a4} \new Voice {\voiceTwo g2.}>>}"
"149","0","c''4. d''8 \grace { c''8 } b'4 a'8[ g'8 ]","<a' c''>8 [ d'8 <a' c''>8 d'8 ] <g' b'>8 [ d'8 <g' b'>8 d'8 ]","<fis, fis>2 <g, g>2"
"150","0","\partial 4 b'8.\noBeam( c''16)","\partial 4 <b' d''>8. <c'' e''>16","\partial 4 r4"
"150","1","d''4. e''8 a'4 b'4","<b' d''>4. <c'' e''>8 <fis' a'>4. <g' b'>8","g4 g,8 r8 c'8( d'8) b8 g8"
"151","0","b'8[ g'8] d''8[ b'8] g''8[ d''8] b'8[ g'8]","<g' b'>8 d'8 <g' b'>8 d'8 <g' b'>8 d'8 <g' b'>8 d'8","<g, g>4 r4 <g, g>4 r4"
"152","0","cis''8[( b'8)] g''8[ e''8] e''8[( d''8)] d''8([ cis''8 ])","r8 <g' b'>8 r8 <g' e''>8 r8 <fis' d''>8 r8 <e' cis''>8","<g, g>8 r8 g8 r8 a8 r8 a,8 r8"
"153","0","\grace{b'8} a'4 a'4 d''32 c''32 b'8. g''4","<a' c''>2 <g' b'>8 r8 <g' b'>8 r8","r8 a8 [ d8 fis8 ] g8 r8 g,8 r8"
"154","0","a'4 d''4 r4 d''8.\noBeam d''16","r4 <d' fis' a' d''>8. [ <d' fis' a' d''>16 ] <d' fis' a' d''>8 [ a'8 fis'8 d'8 ]","r4 <fis, fis>8. [ <fis, fis>16 ] <fis, fis>4 r4"
"155","0","d''4. cis''8 c''4 b'8. b'16","<d' fis' a' d''>4. <g' cis''>8 <a' c''>4 <g' b'>4","r8 <d, d>4 <e, e>8 fis8 d8 g8 g,8"
"156","0","d''32[( c''32) b'8.] b'32[( a'32) g'8.] d''32[( c''32) b'8.] b'32[( a'32) g'8.]","<b' d''>8[ d'8] <g' b'>8[ d'8] <b' d''>8[ d'8] <g' b'>8 d'8","<g, g>2 <g, g>2"
"157","0","a'4 d''4 r4 d''8.\noBeam b'16","\times 2/3 {a'8 fis'8 d'8} \times 2/3 {d''8 a'8 fis'8} \times 2/3 {a'8 fis'8 d'8} \times 2/3 {d''8 b'8 g'8}","<d, d>2 <c, c>4 <b,, b,>4"
"158","0","a'16 g'16 fis'16 e'16 d'4 r4 g'8. b'16","<fis' a'>4 r8. <fis' a' d''>16 <fis' a' d''>4 r4","d4 r8. <d, d>16 <d, d>4 r4"
"159","0","\partial 2. a'2 g'4","\partial 2. <d' a' c''>2 <b g'>4","\partial 2. <d, d>2 <g, g>4"
"160","0","\partial 4 d''8.\noBeam d''16","\partial 4 r4","\partial 4 r4"
"160","1","d''32[ c''32 b'8.] b'32[ a'32 g'8.] g'8[ a'16( g'16) fis'8] g'8","<b' d''>8 r8 <g' b'>8 r8 <b g'>2","g8 r8 r4 <g, g>2"
"161","0","\partial 4 d''8.\noBeam d''16","\partial 4 <b' d''>4","\partial 4 r4"
"161","1","e''4. a'8 b'8[ c''16( b'16) a'8] g'8","<cis'' e''>4. <d' a'>8 <d' b'>2","r8 c'8 a8 fis8 g4 g,4"
"162","0","\partial 2. <d' d''>4 r4 r4","\partial 2. <d' d''>4 <d'' a'' d'''>4 <d'' a'' d'''>4","\partial 2. d4 <d, d>4 <d, d>4"
"163","0","b'8[ d''8] \grace{c''16} b'8[ a'16 g'16] fis'4 g'4","<g' b'>4 r8. <b g'>16 <a fis'>4 <b g'>4","<g, g>4 r8. g,16 c4 b,8 g,8"
"164","0","\partial 2. \grace{a'4} g'2 r4","\partial 2. r4 <b g'>8. <d' b'>16 <b g'>4","\partial 2. <g, g>2."
"165","0","d''4.( c''8) b'4 b'8.\noBeam b'16","<b' d''>4. <a' c''>8 <g' b'>4 \times 2/3 {<b' g''>8 <g' b'>8 <g' b'>8}","r4 g4 g,4 e4"
"166","0","fis'8 [( g'8 a'8 g'8 )] d'4 d'8.\noBeam d''16","r4 <fis' a'>4 r4 <d' fis' a' d''>4","d'4 r4 d4 r4"
"167","0","e''4 g''16 e''16 c''16 a'16 g'4 a'8. b'16","<g' e''>4.. <a' c''>16 <g' b'>4 <fis' a'>4","<c, c>4.. c'16 d'4 d4"
"168","0","c''4. fis'8 d'4 d''8. d''16","r8 <d' fis' a'>8 <d' fis' a'>8 <d' fis' a'>8 r8 <fis' a' d''>8 <fis' a' d''>8 <fis' a' d''>8","<d, d>4 r4 <d, d>4 r4"
"169","0","\partial 2. b'4 r4 r4","\partial 2. g'8 a'16 b'16 c''16 d''16 e''16 fis''16 g''4","\partial 2. <g b>2 g,4"
"170","0","e''4. fis'8 g'8[ b'8] a'8[ g'8 ]","<g' e''>4. <d' fis'>8 <d' g'>8 [ b'8 <c' a'>8 <d' g'>8 ]","<c c'>2 b8 g8( fis8) g8"
"171","0","a'4( a'16 c''16) b'16 d''16 c''4 a'8.\noBeam d''16","r4 a'8 [ <e' b'>8 ] <e' c''>4 <d' a'>4","c'4. gis8 a4 d4"
"172","0","\partial 2. <d' d''>4 r4 r4","\partial 2. d''8 e''16 fis''16 g''16 a''16 b''16 cis'''16 d'''4","\partial 2. <d fis>2."
"173","0","a'4.( \grace{b'16 a'16 g'16 a'16} b'8) c''4 e''8. e''16","<c' a'>2 r8 <a' c''>8 <c'' e''>8 r8","r4 a4 a,4 r4"
"174","0","b'8[ g'8] c''8[ a'8] e''8[ d''8] c''8[ b'8 ]","<g' b'>4 <a' c''>4 <c'' e''>8 [ <b' d''>8 <a' c''>8 <g' b'>8 ]","<g, g>1"
"175","0","a'4( a'16 [ b'16) a'16 g'16 ] fis'4 d''8. [ d''16 ]","<fis' a'>2 r8 d'16 [ fis'16 a'8 d''8 ]","r8 d'8 [ a8 fis8 ] d4 r4"
"176","0","\partial 4 d''8.\noBeam e''16","\partial 4 <fis' d''>8. <g' e''>16","\partial 4 r4"
"176","1","c''4. a'8 b'8[ c''16 b'16 a'8] g'8","<a' c''>2 <g' b'>2","r4 <fis, fis>4 r4 <g, g>4"
"177","0","b'4. fis'8 d'4 d''8. d''16","r4 <fis' d''>8. [ <fis' d''>16 ] <fis' d''>4 <fis' d''>4","r4 <d, d>8. [ <d, d>16 ] <d, d>4 <d, d>4"
"178","0","\partial 4 d''8.\noBeam( b'16)","\partial 4 r4","\partial 4 r4"
"178","1","gis'8[ e'8] gis'8[ b'8] b'16 c''16 d''16 c''16 b'4","<e' gis' b' d''>1","<e, e>1"
"179","0","\partial 2. {<<{\voiceOne \grace{e''4} d''2 r4} \new Voice {\voiceTwo d'4 r4 r4}>>}","\partial 2. r4 <fis' d''>8. <a' fis''>16 <fis' d''>4","\partial 2. <d, d>2."
"180","0","\partial 4 b'8.\noBeam( c''16)","\partial 4 r4","\partial 4 r4"
"180","1","\grace{e''8} d''4 c''8 b'8 \grace{c''8} b'4 a'8 g'8","r8 <b' d''>8( <a' c''>8 <g' b'>8) r8 <g' b'>8( <fis' a'>8 <e' g'>8)","g4 r4 g,4 r4"
"181","0","a'4 \grace { e''16 } d''8 [ cis''16 d''16 ] d'4 d''8. [ d''16 ]","<fis' a'>2. r4","<d d'>2( d'8) [ d16 fis16 a8 d'8 ]"
"182","0","\grace { b'8 } a'4 a'4 r4 d''8.\noBeam d''16","r4 <fis' a'>8. [ <g' b'>16 ] <fis' a'>4 <d' fis' a' d''>4","<d d'>2. <d, d>4"
"183","0","\partial 2. {<<{\voiceOne \grace{e''4} d''2 r4} \new Voice {\voiceTwo d'4 r4 r4}>>}","\partial 2. r4 <fis' d''>8. <fis' d''>16 <fis' d''>4","\partial 2. r4 <d d'>8. <d d'>16 <d d'>4"
"184","0","a'4. b'16 [( c''16) ] b'4 d''8.\noBeam g''16","{<<{\voiceOne a'2 b'4 <g' d''>4} \new Voice {\voiceTwo r4 d'2.}>>}","r4 fis4( g4) <b, b>4"
"185","0","d''8([ cis''8]) cis''8([ bes'8]) bes'8([ a'8]) a'8[( g'8)]","<cis'' bes' g' e'>1","<es es'>1"
"186","0","\partial 4 d''8.\noBeam( d''16)","\partial 4 r4","\partial 4 r4"
"186","1","d''8[ fis'8] fis'8[ g'8] a'8[ b'8] c''8[ b'8]","r8 <d' fis'>4 <d' g'>8 <fis' a'>8 <g' b'>8( <a' c''>8 <g' b'>8)","d2( d8)[ g8( fis8 g8)]"
"187","0","g'8[ fis'8] g'8[ a'8] b'8[ a'8] b'8[ c''8]","<b b'>4. <d' a'>8 <g' b'>4. <a' c''>8","<g, g>4. <fis, fis>8 <e, e>4. <c, c>8"
"188","0","g'4. a'8 b'8[ c''8] d''8[ e''8]","<b g'>4. <d' a'>8 {<<{\voiceOne b'8 c''8 d''8 e''8} \new Voice {\voiceTwo g'2}>>}","<g, g>4. fis8 g8 a8 b8 c'8"
"189","0","e''4. c''8 a'4. d''8","r4 <c' g' c'' e''>4 r4 <d' fis' a' d''>4","<c, c>4 r4 <d, d>4 r4"
"190","0","e''4 c'8 r16\fermata e''16 \grace{e''16} d''8 c''16 b'16 \grace{b'16} a'8 g'16 fis'16","<g' e''>4. r8\fermata <g' b' d''>4 <a' c'' d'' fis''>4","<c, c>4. r8\fermata d'4 d4"
"191","0","c''8([ b'8]) d''8.[( b'16]) b'8 a'8 e''8. c''16","r8 <g' b'>8 <b' d''>8 <g' b'>8 r8 <e' a'>8 <c'' e''>8 <a' c''>8","<g, g>2 c2"
"192","0","\grace { b'8 }  a'4 a'4 r4 d''8.\noBeam d''16","r4 a'16 [ d''16 cis''16 d''16 ] a'8 [ <a' d''>8 <a' d''>8 <a' d''>8 ]","<d fis>2. fis4"
"193","0","cis''4 d''4 r4 d''8.\noBeam d''16","<e' g' a' cis''>4 <d' fis' b' d''>4 r16 d'16 [ fis'16 a'16 ] d''4","<a, a>4 <b, b>4 <fis, fis>4. d8"
"194","0","e''4 \grace{d''16} c''8 b'16 a'16 g'4 fis'8. d''16","<g' e''>4 r8 <a' c''>8 r8 <g' b'>8 r8 <fis' a'>8","<c, c>4 c'8 r8 d'8 r8 d8 r8"
"195","0","fis'16( g'16 a'16 fis'16) d'4 g'8[ d'8] g'8 b'8","<a fis'>4 r4 <b g'>4 <g' b'>4","<d, d>4 r4 r2"
"196","0","g''4 g'8\fermata r16 g'16 \grace{b'16} a'8. g'16 a'8. b'16","<g' b' d'' g''>4 r4\fermata <d' a'>4 <d' a'>4","<d, d>4 r4\fermata <d a>4 <d a>4"
"197","0","\grace { cis''8 } b'4 a'8 [ g'8 ] fis'8 [ e'8 ] a'8 [ c'8 ]","r8 <g' b'>8 [ <fis' a'>8 <e' g'>8 ] r8 <cis' e'>8 [ <cis' e'>8 <cis' e'>8 ]","<g, g>4 r4 <a, a>4 r4"
"198","0","cis''2\fermata c''8.([ d''16]) b'8. g'16","<g' cis''>2\fermata {<<{\voiceOne <a' cis''>4 <g' b'>4} \new Voice {\voiceTwo d'2}>>}","<e, e>2\fermata <fis, fis>4 <g, g>4"
